Date,Line_ID,Shift,Wafer_Starts,Wafer_Good_Output,Wafer_Defect_Qty,Defect_Reason,Machine_OEE_Percentage,Unplanned_Downtime_Min
2026-01-01,FAB_Line_A,Shift_1,1118,1066,52,None,92.14,0
2026-01-01,FAB_Line_A,Shift_2,1093,1040,53,None,90.61,0
2026-01-01,FAB_Line_A,Shift_3,1080,1031,49,None,93.84,0
2026-01-01,FAB_Line_B,Shift_1,1113,1078,35,None,91.2,0
2026-01-01,FAB_Line_B,Shift_2,1119,1074,45,None,86.29,0
2026-01-01,FAB_Line_B,Shift_3,1099,1073,26,None,90.14,0
2026-01-01,FAB_Line_C,Shift_1,1120,1076,44,None,94.35,0
2026-01-01,FAB_Line_C,Shift_2,1147,1120,27,None,85.52,0
2026-01-01,FAB_Line_C,Shift_3,1118,1085,33,None,86.85,0
2026-01-02,FAB_Line_A,Shift_1,1116,1067,49,None,87.78,0
2026-01-02,FAB_Line_A,Shift_2,1092,1049,43,None,91.19,0
2026-01-02,FAB_Line_A,Shift_3,1089,1036,53,None,91.54,0
2026-01-02,FAB_Line_B,Shift_1,1098,1051,47,None,88.4,0
2026-01-02,FAB_Line_B,Shift_2,1090,1045,45,None,92.64,0
2026-01-02,FAB_Line_B,Shift_3,1096,1043,53,None,85.19,0
2026-01-02,FAB_Line_C,Shift_1,1070,1035,35,None,89.61,0
2026-01-02,FAB_Line_C,Shift_2,1088,1041,47,None,86.57,0
2026-01-02,FAB_Line_C,Shift_3,1097,1059,38,None,87.99,0
2026-01-03,FAB_Line_A,Shift_1,1095,1043,52,None,90.75,0
2026-01-03,FAB_Line_A,Shift_2,1097,1046,51,None,91.07,0
2026-01-03,FAB_Line_A,Shift_3,1079,1044,35,None,85.54,0
2026-01-03,FAB_Line_B,Shift_1,1119,1080,39,None,89.21,0
2026-01-03,FAB_Line_B,Shift_2,1112,1075,37,None,89.22,0
2026-01-03,FAB_Line_B,Shift_3,1113,1074,39,None,92.05,0
2026-01-03,FAB_Line_C,Shift_1,1081,1027,54,None,92.46,0
2026-01-03,FAB_Line_C,Shift_2,1121,1088,33,None,88.73,0
2026-01-03,FAB_Line_C,Shift_3,1055,1003,52,None,94.34,0
2026-01-04,FAB_Line_A,Shift_1,1074,1029,45,None,86.3,0
2026-01-04,FAB_Line_A,Shift_2,1127,1098,29,None,89.41,0
2026-01-04,FAB_Line_A,Shift_3,1078,1026,52,None,88.01,0
2026-01-04,FAB_Line_B,Shift_1,1083,1041,42,None,88.97,0
2026-01-04,FAB_Line_B,Shift_2,1105,1055,50,None,90.32,0
2026-01-04,FAB_Line_B,Shift_3,1095,1062,33,None,94.06,0
2026-01-04,FAB_Line_C,Shift_1,1082,1033,49,None,88.85,0
2026-01-04,FAB_Line_C,Shift_2,1102,1053,49,None,94.92,0
2026-01-04,FAB_Line_C,Shift_3,1110,1086,24,None,92.82,0
2026-01-05,FAB_Line_A,Shift_1,1130,1086,44,None,91.06,0
2026-01-05,FAB_Line_A,Shift_2,1088,1035,53,None,89.2,0
2026-01-05,FAB_Line_A,Shift_3,1104,1069,35,None,88.29,0
2026-01-05,FAB_Line_B,Shift_1,1123,1092,31,None,89.39,0
2026-01-05,FAB_Line_B,Shift_2,1103,1072,31,None,94.44,0
2026-01-05,FAB_Line_B,Shift_3,1064,1032,32,None,91.8,0
2026-01-05,FAB_Line_C,Shift_1,1110,1075,35,None,88.06,0
2026-01-05,FAB_Line_C,Shift_2,1069,1038,31,None,88.54,0
2026-01-05,FAB_Line_C,Shift_3,1141,1107,34,None,90.74,0
2026-01-06,FAB_Line_A,Shift_1,1085,1046,39,None,88.0,0
2026-01-06,FAB_Line_A,Shift_2,1082,1044,38,None,92.2,0
2026-01-06,FAB_Line_A,Shift_3,1086,1038,48,None,91.81,0
2026-01-06,FAB_Line_B,Shift_1,1106,1053,53,None,90.04,0
2026-01-06,FAB_Line_B,Shift_2,1116,1088,28,None,91.67,0
2026-01-06,FAB_Line_B,Shift_3,1143,1106,37,None,91.98,0
2026-01-06,FAB_Line_C,Shift_1,1104,1052,52,None,89.03,0
2026-01-06,FAB_Line_C,Shift_2,1092,1056,36,None,92.2,0
2026-01-06,FAB_Line_C,Shift_3,1076,1022,54,None,93.06,0
2026-01-07,FAB_Line_A,Shift_1,1099,1048,51,None,88.35,0
2026-01-07,FAB_Line_A,Shift_2,1083,1032,51,None,85.96,0
2026-01-07,FAB_Line_A,Shift_3,1086,1059,27,None,89.68,0
2026-01-07,FAB_Line_B,Shift_1,1137,1106,31,None,85.57,0
2026-01-07,FAB_Line_B,Shift_2,1132,1082,50,None,87.3,0
2026-01-07,FAB_Line_B,Shift_3,1049,1002,47,None,94.42,0
2026-01-07,FAB_Line_C,Shift_1,1108,1075,33,None,89.48,0
2026-01-07,FAB_Line_C,Shift_2,1089,1038,51,None,87.39,0
2026-01-07,FAB_Line_C,Shift_3,1112,1056,56,None,85.83,0
2026-01-08,FAB_Line_A,Shift_1,1104,1066,38,None,87.61,0
2026-01-08,FAB_Line_A,Shift_2,1124,1092,32,None,92.54,0
2026-01-08,FAB_Line_A,Shift_3,1136,1103,33,None,91.02,0
2026-01-08,FAB_Line_B,Shift_1,1097,1051,46,None,93.77,0
2026-01-08,FAB_Line_B,Shift_2,1131,1086,45,None,89.42,0
2026-01-08,FAB_Line_B,Shift_3,1080,1032,48,None,92.24,0
2026-01-08,FAB_Line_C,Shift_1,1102,1066,36,None,94.6,0
2026-01-08,FAB_Line_C,Shift_2,1128,1092,36,None,91.48,0
2026-01-08,FAB_Line_C,Shift_3,1097,1042,55,None,91.96,0
2026-01-09,FAB_Line_A,Shift_1,1097,1057,40,None,90.75,0
2026-01-09,FAB_Line_A,Shift_2,1062,1034,28,None,90.55,0
2026-01-09,FAB_Line_A,Shift_3,1041,1018,23,None,86.38,0
2026-01-09,FAB_Line_B,Shift_1,1135,1082,53,None,92.13,0
2026-01-09,FAB_Line_B,Shift_2,1121,1076,45,None,86.32,0
2026-01-09,FAB_Line_B,Shift_3,1071,1043,28,None,87.9,0
2026-01-09,FAB_Line_C,Shift_1,1101,1074,27,None,88.85,0
2026-01-09,FAB_Line_C,Shift_2,1085,1036,49,None,90.89,0
2026-01-09,FAB_Line_C,Shift_3,1126,1088,38,None,89.89,0
2026-01-10,FAB_Line_A,Shift_1,1131,1106,25,None,91.95,0
2026-01-10,FAB_Line_A,Shift_2,1117,1068,49,None,87.02,0
2026-01-10,FAB_Line_A,Shift_3,1124,1076,48,None,93.86,0
2026-01-10,FAB_Line_B,Shift_1,1121,1067,54,None,86.65,0
2026-01-10,FAB_Line_B,Shift_2,1081,1055,26,None,87.71,0
2026-01-10,FAB_Line_B,Shift_3,1076,1045,31,None,92.76,0
2026-01-10,FAB_Line_C,Shift_1,1065,1037,28,None,89.16,0
2026-01-10,FAB_Line_C,Shift_2,1082,1060,22,None,86.37,0
2026-01-10,FAB_Line_C,Shift_3,1081,1027,54,None,86.23,0
2026-01-11,FAB_Line_A,Shift_1,1116,1071,45,None,89.74,0
2026-01-11,FAB_Line_A,Shift_2,1107,1083,24,None,88.74,0
2026-01-11,FAB_Line_A,Shift_3,1111,1084,27,None,91.82,0
2026-01-11,FAB_Line_B,Shift_1,1049,1001,48,None,90.66,0
2026-01-11,FAB_Line_B,Shift_2,1114,1065,49,None,88.68,0
2026-01-11,FAB_Line_B,Shift_3,1143,1098,45,None,92.51,0
2026-01-11,FAB_Line_C,Shift_1,1116,1080,36,None,92.84,0
2026-01-11,FAB_Line_C,Shift_2,1067,1021,46,None,94.64,0
2026-01-11,FAB_Line_C,Shift_3,1099,1057,42,None,87.63,0
2026-01-12,FAB_Line_A,Shift_1,1097,1061,36,None,94.29,0
2026-01-12,FAB_Line_A,Shift_2,1098,1072,26,None,88.62,0
2026-01-12,FAB_Line_A,Shift_3,1088,1064,24,None,92.19,0
2026-01-12,FAB_Line_B,Shift_1,1114,1083,31,None,89.25,0
2026-01-12,FAB_Line_B,Shift_2,1089,1055,34,None,86.59,0
2026-01-12,FAB_Line_B,Shift_3,1132,1093,39,None,90.82,0
2026-01-12,FAB_Line_C,Shift_1,1108,1055,53,None,91.74,0
2026-01-12,FAB_Line_C,Shift_2,1089,1064,25,None,86.58,0
2026-01-12,FAB_Line_C,Shift_3,1076,1046,30,None,90.73,0
2026-01-13,FAB_Line_A,Shift_1,1096,1062,34,None,85.95,0
2026-01-13,FAB_Line_A,Shift_2,1102,1054,48,None,88.88,0
2026-01-13,FAB_Line_A,Shift_3,1086,1045,41,None,93.98,0
2026-01-13,FAB_Line_B,Shift_1,1079,1051,28,None,92.02,0
2026-01-13,FAB_Line_B,Shift_2,1110,1077,33,None,87.56,0
2026-01-13,FAB_Line_B,Shift_3,1089,1059,30,None,90.13,0
2026-01-13,FAB_Line_C,Shift_1,1105,1055,50,None,86.23,0
2026-01-13,FAB_Line_C,Shift_2,1089,1043,46,None,91.78,0
2026-01-13,FAB_Line_C,Shift_3,1075,1048,27,None,91.72,0
2026-01-14,FAB_Line_A,Shift_1,1102,1070,32,None,90.94,0
2026-01-14,FAB_Line_A,Shift_2,1109,1072,37,None,93.36,0
2026-01-14,FAB_Line_A,Shift_3,1064,1031,33,None,86.48,0
2026-01-14,FAB_Line_B,Shift_1,1097,1065,32,None,85.08,0
2026-01-14,FAB_Line_B,Shift_2,1088,1060,28,None,91.93,0
2026-01-14,FAB_Line_B,Shift_3,1118,1065,53,None,87.6,0
2026-01-14,FAB_Line_C,Shift_1,1093,1062,31,None,93.22,0
2026-01-14,FAB_Line_C,Shift_2,1118,1092,26,None,85.97,0
2026-01-14,FAB_Line_C,Shift_3,1074,1044,30,None,90.64,0
2026-01-15,FAB_Line_A,Shift_1,1123,1010,113,Lithography Misalignment,44.36,233
2026-01-15,FAB_Line_A,Shift_2,1121,1008,113,Lithography Misalignment,41.1,205
2026-01-15,FAB_Line_A,Shift_3,1094,984,110,Lithography Misalignment,53.2,234
2026-01-15,FAB_Line_B,Shift_1,1074,1043,31,None,87.6,0
2026-01-15,FAB_Line_B,Shift_2,1100,1060,40,None,91.5,0
2026-01-15,FAB_Line_B,Shift_3,1093,1062,31,None,92.67,0
2026-01-15,FAB_Line_C,Shift_1,1109,1054,55,None,92.45,0
2026-01-15,FAB_Line_C,Shift_2,1130,1103,27,None,88.73,0
2026-01-15,FAB_Line_C,Shift_3,1106,1077,29,None,88.12,0
2026-01-16,FAB_Line_A,Shift_1,1096,986,110,Lithography Misalignment,51.09,188
2026-01-16,FAB_Line_A,Shift_2,1092,982,110,Lithography Misalignment,49.94,222
2026-01-16,FAB_Line_A,Shift_3,1114,1002,112,Lithography Misalignment,44.84,217
2026-01-16,FAB_Line_B,Shift_1,1069,1020,49,None,94.96,0
2026-01-16,FAB_Line_B,Shift_2,1103,1050,53,None,92.68,0
2026-01-16,FAB_Line_B,Shift_3,1100,1066,34,None,85.61,0
2026-01-16,FAB_Line_C,Shift_1,1099,1053,46,None,92.99,0
2026-01-16,FAB_Line_C,Shift_2,1103,1054,49,None,93.7,0
2026-01-16,FAB_Line_C,Shift_3,1099,1066,33,None,88.47,0
2026-01-17,FAB_Line_A,Shift_1,1048,1008,40,None,90.67,0
2026-01-17,FAB_Line_A,Shift_2,1102,1052,50,None,86.7,0
2026-01-17,FAB_Line_A,Shift_3,1092,1062,30,None,86.49,0
2026-01-17,FAB_Line_B,Shift_1,1097,1074,23,None,89.48,0
2026-01-17,FAB_Line_B,Shift_2,1110,1067,43,None,88.65,0
2026-01-17,FAB_Line_B,Shift_3,1109,1057,52,None,88.84,0
2026-01-17,FAB_Line_C,Shift_1,1150,1118,32,None,93.1,0
2026-01-17,FAB_Line_C,Shift_2,1066,1037,29,None,85.29,0
2026-01-17,FAB_Line_C,Shift_3,1097,1053,44,None,92.55,0
2026-01-18,FAB_Line_A,Shift_1,1094,1039,55,None,92.48,0
2026-01-18,FAB_Line_A,Shift_2,1098,1048,50,None,85.04,0
2026-01-18,FAB_Line_A,Shift_3,1107,1055,52,None,93.54,0
2026-01-18,FAB_Line_B,Shift_1,1100,1059,41,None,85.33,0
2026-01-18,FAB_Line_B,Shift_2,1078,1054,24,None,94.98,0
2026-01-18,FAB_Line_B,Shift_3,1076,1034,42,None,89.29,0
2026-01-18,FAB_Line_C,Shift_1,1091,1051,40,None,87.98,0
2026-01-18,FAB_Line_C,Shift_2,1091,1067,24,None,93.68,0
2026-01-18,FAB_Line_C,Shift_3,1083,1052,31,None,87.32,0
2026-01-19,FAB_Line_A,Shift_1,1111,1064,47,None,93.41,0
2026-01-19,FAB_Line_A,Shift_2,1111,1083,28,None,85.93,0
2026-01-19,FAB_Line_A,Shift_3,1114,1060,54,None,94.65,0
2026-01-19,FAB_Line_B,Shift_1,1096,1055,41,None,90.1,0
2026-01-19,FAB_Line_B,Shift_2,1073,1033,40,None,93.51,0
2026-01-19,FAB_Line_B,Shift_3,1085,1051,34,None,87.18,0
2026-01-19,FAB_Line_C,Shift_1,1095,1060,35,None,93.9,0
2026-01-19,FAB_Line_C,Shift_2,1109,1066,43,None,87.69,0
2026-01-19,FAB_Line_C,Shift_3,1077,1048,29,None,90.73,0
2026-01-20,FAB_Line_A,Shift_1,1101,1060,41,None,87.8,0
2026-01-20,FAB_Line_A,Shift_2,1097,1050,47,None,89.59,0
2026-01-20,FAB_Line_A,Shift_3,1065,1015,50,None,90.01,0
2026-01-20,FAB_Line_B,Shift_1,1083,1055,28,None,85.89,0
2026-01-20,FAB_Line_B,Shift_2,1134,1087,47,None,94.77,0
2026-01-20,FAB_Line_B,Shift_3,1091,1043,48,None,88.02,0
2026-01-20,FAB_Line_C,Shift_1,1085,1061,24,None,93.38,0
2026-01-20,FAB_Line_C,Shift_2,1109,1062,47,None,85.25,0
2026-01-20,FAB_Line_C,Shift_3,1100,1067,33,None,86.28,0
2026-01-21,FAB_Line_A,Shift_1,1091,1053,38,None,86.61,0
2026-01-21,FAB_Line_A,Shift_2,1138,1100,38,None,87.38,0
2026-01-21,FAB_Line_A,Shift_3,1142,1108,34,None,90.48,0
2026-01-21,FAB_Line_B,Shift_1,1095,1051,44,None,86.82,0
2026-01-21,FAB_Line_B,Shift_2,1105,1068,37,None,94.52,0
2026-01-21,FAB_Line_B,Shift_3,1132,1105,27,None,90.71,0
2026-01-21,FAB_Line_C,Shift_1,1100,1064,36,None,91.2,0
2026-01-21,FAB_Line_C,Shift_2,1108,1085,23,None,92.27,0
2026-01-21,FAB_Line_C,Shift_3,1144,1096,48,None,90.28,0
2026-01-22,FAB_Line_A,Shift_1,1075,1024,51,None,87.18,0
2026-01-22,FAB_Line_A,Shift_2,1122,1071,51,None,91.64,0
2026-01-22,FAB_Line_A,Shift_3,1090,1039,51,None,93.09,0
2026-01-22,FAB_Line_B,Shift_1,1079,1035,44,None,87.47,0
2026-01-22,FAB_Line_B,Shift_2,1101,1048,53,None,89.36,0
2026-01-22,FAB_Line_B,Shift_3,1104,1059,45,None,94.81,0
2026-01-22,FAB_Line_C,Shift_1,1123,1098,25,None,90.04,0
2026-01-22,FAB_Line_C,Shift_2,1117,1070,47,None,86.91,0
2026-01-22,FAB_Line_C,Shift_3,1114,1073,41,None,94.42,0
2026-01-23,FAB_Line_A,Shift_1,1134,1103,31,None,92.64,0
2026-01-23,FAB_Line_A,Shift_2,1107,1080,27,None,92.19,0
2026-01-23,FAB_Line_A,Shift_3,1101,1052,49,None,88.25,0
2026-01-23,FAB_Line_B,Shift_1,1120,1086,34,None,85.01,0
2026-01-23,FAB_Line_B,Shift_2,1071,1020,51,None,86.07,0
2026-01-23,FAB_Line_B,Shift_3,1090,1041,49,None,88.72,0
2026-01-23,FAB_Line_C,Shift_1,1107,1053,54,None,90.65,0
2026-01-23,FAB_Line_C,Shift_2,1098,1043,55,None,92.31,0
2026-01-23,FAB_Line_C,Shift_3,1120,1084,36,None,87.36,0
2026-01-24,FAB_Line_A,Shift_1,1074,1042,32,None,90.32,0
2026-01-24,FAB_Line_A,Shift_2,1120,1089,31,None,94.19,0
2026-01-24,FAB_Line_A,Shift_3,1098,1073,25,None,90.53,0
2026-01-24,FAB_Line_B,Shift_1,1104,1078,26,None,88.31,0
2026-01-24,FAB_Line_B,Shift_2,1100,1053,47,None,93.6,0
2026-01-24,FAB_Line_B,Shift_3,1091,1059,32,None,92.38,0
2026-01-24,FAB_Line_C,Shift_1,1103,1074,29,None,85.67,0
2026-01-24,FAB_Line_C,Shift_2,1056,1009,47,None,86.94,0
2026-01-24,FAB_Line_C,Shift_3,1097,1068,29,None,89.28,0
2026-01-25,FAB_Line_A,Shift_1,1087,1051,36,None,92.23,0
2026-01-25,FAB_Line_A,Shift_2,1073,1037,36,None,85.86,0
2026-01-25,FAB_Line_A,Shift_3,1062,1037,25,None,86.08,0
2026-01-25,FAB_Line_B,Shift_1,1063,1035,28,None,93.97,0
2026-01-25,FAB_Line_B,Shift_2,1105,1081,24,None,91.17,0
2026-01-25,FAB_Line_B,Shift_3,1130,1077,53,None,90.15,0
2026-01-25,FAB_Line_C,Shift_1,1089,1050,39,None,91.4,0
2026-01-25,FAB_Line_C,Shift_2,1122,1087,35,None,89.92,0
2026-01-25,FAB_Line_C,Shift_3,1098,1072,26,None,91.06,0
2026-01-26,FAB_Line_A,Shift_1,1079,1027,52,None,89.07,0
2026-01-26,FAB_Line_A,Shift_2,1117,1068,49,None,86.78,0
2026-01-26,FAB_Line_A,Shift_3,1086,1033,53,None,86.11,0
2026-01-26,FAB_Line_B,Shift_1,1111,1062,49,None,86.54,0
2026-01-26,FAB_Line_B,Shift_2,1085,1047,38,None,88.98,0
2026-01-26,FAB_Line_B,Shift_3,1055,1021,34,None,87.24,0
2026-01-26,FAB_Line_C,Shift_1,1094,1046,48,None,87.22,0
2026-01-26,FAB_Line_C,Shift_2,1105,1078,27,None,89.61,0
2026-01-26,FAB_Line_C,Shift_3,1103,1049,54,None,86.47,0
2026-01-27,FAB_Line_A,Shift_1,1123,1077,46,None,85.92,0
2026-01-27,FAB_Line_A,Shift_2,1139,1107,32,None,86.25,0
2026-01-27,FAB_Line_A,Shift_3,1090,1065,25,None,92.51,0
2026-01-27,FAB_Line_B,Shift_1,1094,1047,47,None,87.56,0
2026-01-27,FAB_Line_B,Shift_2,1089,1049,40,None,89.78,0
2026-01-27,FAB_Line_B,Shift_3,1076,1047,29,None,89.0,0
2026-01-27,FAB_Line_C,Shift_1,1085,1061,24,None,91.38,0
2026-01-27,FAB_Line_C,Shift_2,1078,1033,45,None,89.76,0
2026-01-27,FAB_Line_C,Shift_3,1105,1073,32,None,91.34,0
2026-01-28,FAB_Line_A,Shift_1,1066,1030,36,None,91.31,0
2026-01-28,FAB_Line_A,Shift_2,1102,1078,24,None,94.75,0
2026-01-28,FAB_Line_A,Shift_3,1109,1057,52,None,86.35,0
2026-01-28,FAB_Line_B,Shift_1,1089,1042,47,None,88.53,0
2026-01-28,FAB_Line_B,Shift_2,1146,1118,28,None,89.2,0
2026-01-28,FAB_Line_B,Shift_3,1094,1052,42,None,87.15,0
2026-01-28,FAB_Line_C,Shift_1,1080,1038,42,None,85.8,0
2026-01-28,FAB_Line_C,Shift_2,1085,1035,50,None,88.61,0
2026-01-28,FAB_Line_C,Shift_3,1078,1033,45,None,89.55,0
2026-01-29,FAB_Line_A,Shift_1,1099,1073,26,None,86.55,0
2026-01-29,FAB_Line_A,Shift_2,1083,1060,23,None,93.8,0
2026-01-29,FAB_Line_A,Shift_3,1117,1073,44,None,90.53,0
2026-01-29,FAB_Line_B,Shift_1,1116,1068,48,None,91.55,0
2026-01-29,FAB_Line_B,Shift_2,1105,1060,45,None,91.54,0
2026-01-29,FAB_Line_B,Shift_3,1125,1094,31,None,91.89,0
2026-01-29,FAB_Line_C,Shift_1,1095,1058,37,None,87.82,0
2026-01-29,FAB_Line_C,Shift_2,1066,1039,27,None,90.71,0
2026-01-29,FAB_Line_C,Shift_3,1103,1050,53,None,88.5,0
2026-01-30,FAB_Line_A,Shift_1,1085,1057,28,None,85.52,0
2026-01-30,FAB_Line_A,Shift_2,1075,1029,46,None,88.66,0
2026-01-30,FAB_Line_A,Shift_3,1093,1044,49,None,89.75,0
2026-01-30,FAB_Line_B,Shift_1,1103,1050,53,None,92.27,0
2026-01-30,FAB_Line_B,Shift_2,1110,1076,34,None,90.46,0
2026-01-30,FAB_Line_B,Shift_3,1078,1048,30,None,94.47,0
2026-01-30,FAB_Line_C,Shift_1,1093,1050,43,None,92.99,0
2026-01-30,FAB_Line_C,Shift_2,1099,1068,31,None,85.74,0
2026-01-30,FAB_Line_C,Shift_3,1140,1086,54,None,91.72,0
2026-01-31,FAB_Line_A,Shift_1,1094,1048,46,None,91.07,0
2026-01-31,FAB_Line_A,Shift_2,1121,1079,42,None,90.42,0
2026-01-31,FAB_Line_A,Shift_3,1118,1077,41,None,88.94,0
2026-01-31,FAB_Line_B,Shift_1,1096,1068,28,None,89.11,0
2026-01-31,FAB_Line_B,Shift_2,1115,1089,26,None,94.62,0
2026-01-31,FAB_Line_B,Shift_3,1090,1052,38,None,87.61,0
2026-01-31,FAB_Line_C,Shift_1,1121,1068,53,None,86.0,0
2026-01-31,FAB_Line_C,Shift_2,1096,1048,48,None,94.72,0
2026-01-31,FAB_Line_C,Shift_3,1076,1033,43,None,92.48,0
2026-02-01,FAB_Line_A,Shift_1,1097,1050,47,None,86.14,0
2026-02-01,FAB_Line_A,Shift_2,1090,1048,42,None,91.61,0
2026-02-01,FAB_Line_A,Shift_3,1098,1052,46,None,93.24,0
2026-02-01,FAB_Line_B,Shift_1,1094,1060,34,None,94.13,0
2026-02-01,FAB_Line_B,Shift_2,1119,1092,27,None,90.1,0
2026-02-01,FAB_Line_B,Shift_3,1088,1037,51,None,94.24,0
2026-02-01,FAB_Line_C,Shift_1,1108,1071,37,None,93.85,0
2026-02-01,FAB_Line_C,Shift_2,1122,1068,54,None,92.72,0
2026-02-01,FAB_Line_C,Shift_3,1105,1076,29,None,87.45,0
2026-02-02,FAB_Line_A,Shift_1,1059,1025,34,None,89.36,0
2026-02-02,FAB_Line_A,Shift_2,1102,1070,32,None,94.82,0
2026-02-02,FAB_Line_A,Shift_3,1086,1059,27,None,87.02,0
2026-02-02,FAB_Line_B,Shift_1,1108,1085,23,None,88.42,0
2026-02-02,FAB_Line_B,Shift_2,1072,1041,31,None,87.38,0
2026-02-02,FAB_Line_B,Shift_3,1061,1024,37,None,87.44,0
2026-02-02,FAB_Line_C,Shift_1,1122,1071,51,None,92.73,0
2026-02-02,FAB_Line_C,Shift_2,1074,1051,23,None,85.51,0
2026-02-02,FAB_Line_C,Shift_3,1099,1074,25,None,90.47,0
2026-02-03,FAB_Line_A,Shift_1,1080,1049,31,None,91.09,0
2026-02-03,FAB_Line_A,Shift_2,1094,1045,49,None,92.4,0
2026-02-03,FAB_Line_A,Shift_3,1147,1104,43,None,91.71,0
2026-02-03,FAB_Line_B,Shift_1,1133,1095,38,None,91.45,0
2026-02-03,FAB_Line_B,Shift_2,1100,1050,50,None,92.86,0
2026-02-03,FAB_Line_B,Shift_3,1143,1103,40,None,89.18,0
2026-02-03,FAB_Line_C,Shift_1,1125,1096,29,None,85.23,0
2026-02-03,FAB_Line_C,Shift_2,1085,1062,23,None,86.21,0
2026-02-03,FAB_Line_C,Shift_3,1098,1073,25,None,94.68,0
2026-02-04,FAB_Line_A,Shift_1,1097,1054,43,None,88.02,0
2026-02-04,FAB_Line_A,Shift_2,1095,1048,47,None,94.08,0
2026-02-04,FAB_Line_A,Shift_3,1084,1030,54,None,86.87,0
2026-02-04,FAB_Line_B,Shift_1,1072,1048,24,None,88.21,0
2026-02-04,FAB_Line_B,Shift_2,1096,1069,27,None,88.42,0
2026-02-04,FAB_Line_B,Shift_3,1087,1044,43,None,93.67,0
2026-02-04,FAB_Line_C,Shift_1,1079,1031,48,None,87.1,0
2026-02-04,FAB_Line_C,Shift_2,1121,1088,33,None,86.21,0
2026-02-04,FAB_Line_C,Shift_3,1111,1056,55,None,92.0,0
2026-02-05,FAB_Line_A,Shift_1,1124,1086,38,None,93.85,0
2026-02-05,FAB_Line_A,Shift_2,1105,1080,25,None,90.65,0
2026-02-05,FAB_Line_A,Shift_3,1080,1052,28,None,87.94,0
2026-02-05,FAB_Line_B,Shift_1,1092,1037,55,None,85.29,0
2026-02-05,FAB_Line_B,Shift_2,1113,1073,40,None,91.39,0
2026-02-05,FAB_Line_B,Shift_3,1116,1079,37,None,85.38,0
2026-02-05,FAB_Line_C,Shift_1,1123,1099,24,None,93.85,0
2026-02-05,FAB_Line_C,Shift_2,1086,1040,46,None,90.46,0
2026-02-05,FAB_Line_C,Shift_3,1114,1091,23,None,94.48,0
2026-02-06,FAB_Line_A,Shift_1,1099,1063,36,None,92.44,0
2026-02-06,FAB_Line_A,Shift_2,1118,1077,41,None,90.34,0
2026-02-06,FAB_Line_A,Shift_3,1110,1074,36,None,88.78,0
2026-02-06,FAB_Line_B,Shift_1,1087,1063,24,None,86.87,0
2026-02-06,FAB_Line_B,Shift_2,1118,1071,47,None,93.37,0
2026-02-06,FAB_Line_B,Shift_3,1074,1031,43,None,91.09,0
2026-02-06,FAB_Line_C,Shift_1,1116,1062,54,None,87.88,0
2026-02-06,FAB_Line_C,Shift_2,1093,1070,23,None,91.11,0
2026-02-06,FAB_Line_C,Shift_3,1091,1051,40,None,89.89,0
2026-02-07,FAB_Line_A,Shift_1,1080,1032,48,None,90.58,0
2026-02-07,FAB_Line_A,Shift_2,1118,1065,53,None,88.91,0
2026-02-07,FAB_Line_A,Shift_3,1087,1061,26,None,87.4,0
2026-02-07,FAB_Line_B,Shift_1,1150,1120,30,None,93.44,0
2026-02-07,FAB_Line_B,Shift_2,1111,1079,32,None,90.41,0
2026-02-07,FAB_Line_B,Shift_3,1162,1129,33,None,94.91,0
2026-02-07,FAB_Line_C,Shift_1,1143,1111,32,None,93.39,0
2026-02-07,FAB_Line_C,Shift_2,1073,1033,40,None,88.06,0
2026-02-07,FAB_Line_C,Shift_3,1096,1073,23,None,93.5,0
2026-02-08,FAB_Line_A,Shift_1,1092,1051,41,None,92.19,0
2026-02-08,FAB_Line_A,Shift_2,1129,1073,56,None,93.37,0
2026-02-08,FAB_Line_A,Shift_3,1078,1054,24,None,86.72,0
2026-02-08,FAB_Line_B,Shift_1,1156,1104,52,None,92.55,0
2026-02-08,FAB_Line_B,Shift_2,1111,1056,55,None,86.04,0
2026-02-08,FAB_Line_B,Shift_3,1102,1077,25,None,94.47,0
2026-02-08,FAB_Line_C,Shift_1,1128,1104,24,None,94.82,0
2026-02-08,FAB_Line_C,Shift_2,1099,1065,34,None,94.58,0
2026-02-08,FAB_Line_C,Shift_3,1083,1029,54,None,87.26,0
2026-02-09,FAB_Line_A,Shift_1,1136,1107,29,None,92.98,0
2026-02-09,FAB_Line_A,Shift_2,1083,1050,33,None,89.13,0
2026-02-09,FAB_Line_A,Shift_3,1100,1061,39,None,94.34,0
2026-02-09,FAB_Line_B,Shift_1,1107,1057,50,None,86.26,0
2026-02-09,FAB_Line_B,Shift_2,1099,1044,55,None,89.86,0
2026-02-09,FAB_Line_B,Shift_3,1105,1061,44,None,91.11,0
2026-02-09,FAB_Line_C,Shift_1,1084,1044,40,None,86.5,0
2026-02-09,FAB_Line_C,Shift_2,1088,1053,35,None,89.1,0
2026-02-09,FAB_Line_C,Shift_3,1130,1097,33,None,94.84,0
2026-02-10,FAB_Line_A,Shift_1,1104,1072,32,None,88.18,0
2026-02-10,FAB_Line_A,Shift_2,1066,1014,52,None,90.02,0
2026-02-10,FAB_Line_A,Shift_3,1085,1031,54,None,93.41,0
2026-02-10,FAB_Line_B,Shift_1,1108,1062,46,None,86.58,0
2026-02-10,FAB_Line_B,Shift_2,1105,1078,27,None,91.98,0
2026-02-10,FAB_Line_B,Shift_3,1096,1048,48,None,85.72,0
2026-02-10,FAB_Line_C,Shift_1,1110,1061,49,None,88.85,0
2026-02-10,FAB_Line_C,Shift_2,1127,1095,32,None,91.78,0
2026-02-10,FAB_Line_C,Shift_3,1113,1063,50,None,87.92,0
2026-02-11,FAB_Line_A,Shift_1,1131,1078,53,None,85.38,0
2026-02-11,FAB_Line_A,Shift_2,1096,1047,49,None,88.42,0
2026-02-11,FAB_Line_A,Shift_3,1113,1089,24,None,91.49,0
2026-02-11,FAB_Line_B,Shift_1,1085,1050,35,None,92.35,0
2026-02-11,FAB_Line_B,Shift_2,1103,1055,48,None,87.74,0
2026-02-11,FAB_Line_B,Shift_3,1072,1036,36,None,88.58,0
2026-02-11,FAB_Line_C,Shift_1,1072,1020,52,None,86.33,0
2026-02-11,FAB_Line_C,Shift_2,1102,1053,49,None,89.9,0
2026-02-11,FAB_Line_C,Shift_3,1075,1042,33,None,91.72,0
2026-02-12,FAB_Line_A,Shift_1,1095,916,179,Particle Contamination,86.25,0
2026-02-12,FAB_Line_A,Shift_2,1056,868,188,Particle Contamination,87.53,0
2026-02-12,FAB_Line_A,Shift_3,1103,920,183,Particle Contamination,91.89,0
2026-02-12,FAB_Line_B,Shift_1,1098,879,219,Particle Contamination,90.73,0
2026-02-12,FAB_Line_B,Shift_2,1084,879,205,Particle Contamination,88.3,0
2026-02-12,FAB_Line_B,Shift_3,1088,876,212,Particle Contamination,87.21,0
2026-02-12,FAB_Line_C,Shift_1,1100,911,189,Particle Contamination,87.09,0
2026-02-12,FAB_Line_C,Shift_2,1091,921,170,Particle Contamination,86.41,0
2026-02-12,FAB_Line_C,Shift_3,1153,952,201,Particle Contamination,92.82,0
2026-02-13,FAB_Line_A,Shift_1,1100,923,177,Particle Contamination,93.36,0
2026-02-13,FAB_Line_A,Shift_2,1102,885,217,Particle Contamination,92.3,0
2026-02-13,FAB_Line_A,Shift_3,1086,879,207,Particle Contamination,94.79,0
2026-02-13,FAB_Line_B,Shift_1,1057,897,160,Particle Contamination,86.18,0
2026-02-13,FAB_Line_B,Shift_2,1096,893,203,Particle Contamination,88.69,0
2026-02-13,FAB_Line_B,Shift_3,1104,903,201,Particle Contamination,88.26,0
2026-02-13,FAB_Line_C,Shift_1,1066,855,211,Particle Contamination,89.41,0
2026-02-13,FAB_Line_C,Shift_2,1110,927,183,Particle Contamination,91.59,0
2026-02-13,FAB_Line_C,Shift_3,1106,934,172,Particle Contamination,91.14,0
2026-02-14,FAB_Line_A,Shift_1,1038,873,165,Particle Contamination,86.88,0
2026-02-14,FAB_Line_A,Shift_2,1090,916,174,Particle Contamination,88.14,0
2026-02-14,FAB_Line_A,Shift_3,1081,879,202,Particle Contamination,89.31,0
2026-02-14,FAB_Line_B,Shift_1,1054,873,181,Particle Contamination,91.48,0
2026-02-14,FAB_Line_B,Shift_2,1077,895,182,Particle Contamination,89.86,0
2026-02-14,FAB_Line_B,Shift_3,1090,910,180,Particle Contamination,85.81,0
2026-02-14,FAB_Line_C,Shift_1,1106,898,208,Particle Contamination,92.0,0
2026-02-14,FAB_Line_C,Shift_2,1116,928,188,Particle Contamination,92.94,0
2026-02-14,FAB_Line_C,Shift_3,1094,875,219,Particle Contamination,85.43,0
2026-02-15,FAB_Line_A,Shift_1,1097,1042,55,None,92.51,0
2026-02-15,FAB_Line_A,Shift_2,1120,1089,31,None,87.61,0
2026-02-15,FAB_Line_A,Shift_3,1103,1065,38,None,90.16,0
2026-02-15,FAB_Line_B,Shift_1,1054,1004,50,None,86.26,0
2026-02-15,FAB_Line_B,Shift_2,1129,1075,54,None,87.43,0
2026-02-15,FAB_Line_B,Shift_3,1089,1044,45,None,90.25,0
2026-02-15,FAB_Line_C,Shift_1,1107,1061,46,None,90.67,0
2026-02-15,FAB_Line_C,Shift_2,1077,1032,45,None,88.99,0
2026-02-15,FAB_Line_C,Shift_3,1068,1018,50,None,86.69,0
2026-02-16,FAB_Line_A,Shift_1,1094,1062,32,None,89.5,0
2026-02-16,FAB_Line_A,Shift_2,1098,1049,49,None,94.04,0
2026-02-16,FAB_Line_A,Shift_3,1109,1084,25,None,93.41,0
2026-02-16,FAB_Line_B,Shift_1,1112,1067,45,None,94.43,0
2026-02-16,FAB_Line_B,Shift_2,1109,1059,50,None,85.54,0
2026-02-16,FAB_Line_B,Shift_3,1117,1063,54,None,88.24,0
2026-02-16,FAB_Line_C,Shift_1,1085,1038,47,None,85.55,0
2026-02-16,FAB_Line_C,Shift_2,1096,1072,24,None,91.59,0
2026-02-16,FAB_Line_C,Shift_3,1100,1060,40,None,93.91,0
2026-02-17,FAB_Line_A,Shift_1,1092,1066,26,None,94.42,0
2026-02-17,FAB_Line_A,Shift_2,1115,1065,50,None,91.84,0
2026-02-17,FAB_Line_A,Shift_3,1143,1096,47,None,92.77,0
2026-02-17,FAB_Line_B,Shift_1,1074,1051,23,None,94.77,0
2026-02-17,FAB_Line_B,Shift_2,1097,1071,26,None,92.77,0
2026-02-17,FAB_Line_B,Shift_3,1111,1071,40,None,86.96,0
2026-02-17,FAB_Line_C,Shift_1,1101,1059,42,None,86.88,0
2026-02-17,FAB_Line_C,Shift_2,1067,1044,23,None,86.43,0
2026-02-17,FAB_Line_C,Shift_3,1106,1058,48,None,91.71,0
2026-02-18,FAB_Line_A,Shift_1,1082,1056,26,None,85.84,0
2026-02-18,FAB_Line_A,Shift_2,1099,1065,34,None,88.51,0
2026-02-18,FAB_Line_A,Shift_3,1136,1106,30,None,86.44,0
2026-02-18,FAB_Line_B,Shift_1,1096,1055,41,None,92.91,0
2026-02-18,FAB_Line_B,Shift_2,1100,1054,46,None,91.52,0
2026-02-18,FAB_Line_B,Shift_3,1098,1071,27,None,93.88,0
2026-02-18,FAB_Line_C,Shift_1,1127,1095,32,None,94.76,0
2026-02-18,FAB_Line_C,Shift_2,1124,1077,47,None,85.9,0
2026-02-18,FAB_Line_C,Shift_3,1116,1064,52,None,94.17,0
2026-02-19,FAB_Line_A,Shift_1,1090,1058,32,None,89.36,0
2026-02-19,FAB_Line_A,Shift_2,1110,1070,40,None,85.57,0
2026-02-19,FAB_Line_A,Shift_3,1109,1061,48,None,90.37,0
2026-02-19,FAB_Line_B,Shift_1,1090,1045,45,None,92.5,0
2026-02-19,FAB_Line_B,Shift_2,1127,1076,51,None,89.13,0
2026-02-19,FAB_Line_B,Shift_3,1090,1041,49,None,89.94,0
2026-02-19,FAB_Line_C,Shift_1,1102,1068,34,None,94.11,0
2026-02-19,FAB_Line_C,Shift_2,1096,1048,48,None,85.33,0
2026-02-19,FAB_Line_C,Shift_3,1086,1040,46,None,93.16,0
2026-02-20,FAB_Line_A,Shift_1,1080,1042,38,None,90.14,0
2026-02-20,FAB_Line_A,Shift_2,1090,1055,35,None,92.64,0
2026-02-20,FAB_Line_A,Shift_3,1082,1058,24,None,89.26,0
2026-02-20,FAB_Line_B,Shift_1,1110,1056,54,None,93.49,0
2026-02-20,FAB_Line_B,Shift_2,1078,1034,44,None,90.22,0
2026-02-20,FAB_Line_B,Shift_3,1095,1050,45,None,90.7,0
2026-02-20,FAB_Line_C,Shift_1,1091,1047,44,None,88.94,0
2026-02-20,FAB_Line_C,Shift_2,1087,1053,34,None,88.24,0
2026-02-20,FAB_Line_C,Shift_3,1074,1030,44,None,93.58,0
2026-02-21,FAB_Line_A,Shift_1,1085,1046,39,None,94.77,0
2026-02-21,FAB_Line_A,Shift_2,1129,1093,36,None,90.25,0
2026-02-21,FAB_Line_A,Shift_3,1114,1076,38,None,92.7,0
2026-02-21,FAB_Line_B,Shift_1,1111,1073,38,None,86.44,0
2026-02-21,FAB_Line_B,Shift_2,1077,1025,52,None,85.15,0
2026-02-21,FAB_Line_B,Shift_3,1099,1055,44,None,94.92,0
2026-02-21,FAB_Line_C,Shift_1,1123,1078,45,None,86.79,0
2026-02-21,FAB_Line_C,Shift_2,1084,1031,53,None,89.13,0
2026-02-21,FAB_Line_C,Shift_3,1083,1055,28,None,93.95,0
2026-02-22,FAB_Line_A,Shift_1,1090,1049,41,None,89.73,0
2026-02-22,FAB_Line_A,Shift_2,1123,1093,30,None,93.24,0
2026-02-22,FAB_Line_A,Shift_3,1131,1092,39,None,93.2,0
2026-02-22,FAB_Line_B,Shift_1,1067,1014,53,None,90.11,0
2026-02-22,FAB_Line_B,Shift_2,1122,1092,30,None,88.21,0
2026-02-22,FAB_Line_B,Shift_3,1128,1098,30,None,93.09,0
2026-02-22,FAB_Line_C,Shift_1,1082,1046,36,None,90.4,0
2026-02-22,FAB_Line_C,Shift_2,1101,1061,40,None,88.54,0
2026-02-22,FAB_Line_C,Shift_3,1092,1062,30,None,89.47,0
2026-02-23,FAB_Line_A,Shift_1,1143,1104,39,None,86.26,0
2026-02-23,FAB_Line_A,Shift_2,1105,1061,44,None,85.66,0
2026-02-23,FAB_Line_A,Shift_3,1121,1089,32,None,93.13,0
2026-02-23,FAB_Line_B,Shift_1,1060,1027,33,None,94.78,0
2026-02-23,FAB_Line_B,Shift_2,1077,1054,23,None,89.92,0
2026-02-23,FAB_Line_B,Shift_3,1129,1092,37,None,91.98,0
2026-02-23,FAB_Line_C,Shift_1,1099,1075,24,None,86.97,0
2026-02-23,FAB_Line_C,Shift_2,1090,1059,31,None,88.06,0
2026-02-23,FAB_Line_C,Shift_3,1109,1080,29,None,91.23,0
2026-02-24,FAB_Line_A,Shift_1,1078,1029,49,None,93.91,0
2026-02-24,FAB_Line_A,Shift_2,1105,1062,43,None,92.31,0
2026-02-24,FAB_Line_A,Shift_3,1059,1017,42,None,86.87,0
2026-02-24,FAB_Line_B,Shift_1,1115,1059,56,None,94.07,0
2026-02-24,FAB_Line_B,Shift_2,1089,1037,52,None,86.21,0
2026-02-24,FAB_Line_B,Shift_3,1063,1022,41,None,88.77,0
2026-02-24,FAB_Line_C,Shift_1,1082,1052,30,None,91.63,0
2026-02-24,FAB_Line_C,Shift_2,1134,1104,30,None,89.26,0
2026-02-24,FAB_Line_C,Shift_3,1097,1045,52,None,88.13,0
2026-02-25,FAB_Line_A,Shift_1,1126,1101,25,None,91.26,0
2026-02-25,FAB_Line_A,Shift_2,1082,1040,42,None,88.01,0
2026-02-25,FAB_Line_A,Shift_3,1089,1050,39,None,87.66,0
2026-02-25,FAB_Line_B,Shift_1,1087,1045,42,None,94.91,0
2026-02-25,FAB_Line_B,Shift_2,1078,1044,34,None,93.03,0
2026-02-25,FAB_Line_B,Shift_3,1112,1059,53,None,87.44,0
2026-02-25,FAB_Line_C,Shift_1,1147,1104,43,None,86.07,0
2026-02-25,FAB_Line_C,Shift_2,1089,1046,43,None,94.54,0
2026-02-25,FAB_Line_C,Shift_3,1074,1041,33,None,85.29,0
2026-02-26,FAB_Line_A,Shift_1,1074,1025,49,None,91.46,0
2026-02-26,FAB_Line_A,Shift_2,1100,1065,35,None,89.47,0
2026-02-26,FAB_Line_A,Shift_3,1071,1043,28,None,92.06,0
2026-02-26,FAB_Line_B,Shift_1,1100,1057,43,None,93.92,0
2026-02-26,FAB_Line_B,Shift_2,1108,1082,26,None,87.41,0
2026-02-26,FAB_Line_B,Shift_3,1114,1083,31,None,94.67,0
2026-02-26,FAB_Line_C,Shift_1,1103,1070,33,None,86.41,0
2026-02-26,FAB_Line_C,Shift_2,1097,1068,29,None,89.69,0
2026-02-26,FAB_Line_C,Shift_3,1068,1039,29,None,92.86,0
2026-02-27,FAB_Line_A,Shift_1,1079,1029,50,None,87.02,0
2026-02-27,FAB_Line_A,Shift_2,1108,1072,36,None,85.61,0
2026-02-27,FAB_Line_A,Shift_3,1089,1042,47,None,87.14,0
2026-02-27,FAB_Line_B,Shift_1,1088,1063,25,None,93.93,0
2026-02-27,FAB_Line_B,Shift_2,1105,1055,50,None,85.64,0
2026-02-27,FAB_Line_B,Shift_3,1071,1030,41,None,88.4,0
2026-02-27,FAB_Line_C,Shift_1,1111,1073,38,None,90.14,0
2026-02-27,FAB_Line_C,Shift_2,1068,1028,40,None,93.65,0
2026-02-27,FAB_Line_C,Shift_3,1109,1070,39,None,89.54,0
2026-02-28,FAB_Line_A,Shift_1,1130,1100,30,None,88.85,0
2026-02-28,FAB_Line_A,Shift_2,1114,1075,39,None,87.61,0
2026-02-28,FAB_Line_A,Shift_3,1102,1057,45,None,89.92,0
2026-02-28,FAB_Line_B,Shift_1,1094,1043,51,None,88.83,0
2026-02-28,FAB_Line_B,Shift_2,1078,1048,30,None,85.23,0
2026-02-28,FAB_Line_B,Shift_3,1109,1060,49,None,94.45,0
2026-02-28,FAB_Line_C,Shift_1,1092,1058,34,None,90.48,0
2026-02-28,FAB_Line_C,Shift_2,1117,1087,30,None,88.94,0
2026-02-28,FAB_Line_C,Shift_3,1092,1048,44,None,93.1,0
2026-03-01,FAB_Line_A,Shift_1,1110,1068,42,None,92.51,0
2026-03-01,FAB_Line_A,Shift_2,1111,1074,37,None,85.94,0
2026-03-01,FAB_Line_A,Shift_3,1091,1061,30,None,90.6,0
2026-03-01,FAB_Line_B,Shift_1,1098,1049,49,None,87.58,0
2026-03-01,FAB_Line_B,Shift_2,1091,1048,43,None,85.24,0
2026-03-01,FAB_Line_B,Shift_3,1093,1057,36,None,94.8,0
2026-03-01,FAB_Line_C,Shift_1,1109,1083,26,None,85.81,0
2026-03-01,FAB_Line_C,Shift_2,1084,1036,48,None,86.09,0
2026-03-01,FAB_Line_C,Shift_3,1094,1067,27,None,92.91,0
2026-03-02,FAB_Line_A,Shift_1,1090,1038,52,None,94.18,0
2026-03-02,FAB_Line_A,Shift_2,1083,1032,51,None,92.12,0
2026-03-02,FAB_Line_A,Shift_3,1084,1054,30,None,85.05,0
2026-03-02,FAB_Line_B,Shift_1,1097,1052,45,None,92.22,0
2026-03-02,FAB_Line_B,Shift_2,1095,1052,43,None,90.42,0
2026-03-02,FAB_Line_B,Shift_3,1085,1035,50,None,87.92,0
2026-03-02,FAB_Line_C,Shift_1,1088,1057,31,None,90.12,0
2026-03-02,FAB_Line_C,Shift_2,1114,1059,55,None,88.31,0
2026-03-02,FAB_Line_C,Shift_3,1138,1105,33,None,88.69,0
2026-03-03,FAB_Line_A,Shift_1,1115,1069,46,None,85.22,0
2026-03-03,FAB_Line_A,Shift_2,1093,1044,49,None,88.86,0
2026-03-03,FAB_Line_A,Shift_3,1085,1058,27,None,88.52,0
2026-03-03,FAB_Line_B,Shift_1,1088,1063,25,None,94.26,0
2026-03-03,FAB_Line_B,Shift_2,1094,1049,45,None,89.4,0
2026-03-03,FAB_Line_B,Shift_3,1122,1096,26,None,89.7,0
2026-03-03,FAB_Line_C,Shift_1,1103,1072,31,None,87.45,0
2026-03-03,FAB_Line_C,Shift_2,1092,1056,36,None,94.87,0
2026-03-03,FAB_Line_C,Shift_3,1085,1052,33,None,87.18,0
2026-03-04,FAB_Line_A,Shift_1,1123,1069,54,None,90.76,0
2026-03-04,FAB_Line_A,Shift_2,1133,1105,28,None,86.72,0
2026-03-04,FAB_Line_A,Shift_3,1101,1065,36,None,89.77,0
2026-03-04,FAB_Line_B,Shift_1,1095,1059,36,None,89.16,0
2026-03-04,FAB_Line_B,Shift_2,1113,1059,54,None,92.69,0
2026-03-04,FAB_Line_B,Shift_3,1071,1037,34,None,91.17,0
2026-03-04,FAB_Line_C,Shift_1,1099,1067,32,None,90.97,0
2026-03-04,FAB_Line_C,Shift_2,1078,1045,33,None,86.47,0
2026-03-04,FAB_Line_C,Shift_3,1134,1080,54,None,86.36,0
2026-03-05,FAB_Line_A,Shift_1,1093,1053,40,None,92.0,0
2026-03-05,FAB_Line_A,Shift_2,1081,1059,22,None,93.13,0
2026-03-05,FAB_Line_A,Shift_3,1118,966,152,Pattern Distortion,85.01,0
2026-03-05,FAB_Line_B,Shift_1,1111,1081,30,None,90.34,0
2026-03-05,FAB_Line_B,Shift_2,1117,1065,52,None,87.48,0
2026-03-05,FAB_Line_B,Shift_3,1088,950,138,Pattern Distortion,93.99,0
2026-03-05,FAB_Line_C,Shift_1,1108,1054,54,None,91.73,0
2026-03-05,FAB_Line_C,Shift_2,1074,1045,29,None,93.26,0
2026-03-05,FAB_Line_C,Shift_3,1097,964,133,Pattern Distortion,86.4,0
2026-03-06,FAB_Line_A,Shift_1,1093,1052,41,None,86.33,0
2026-03-06,FAB_Line_A,Shift_2,1061,1030,31,None,93.15,0
2026-03-06,FAB_Line_A,Shift_3,1105,946,159,Pattern Distortion,91.25,0
2026-03-06,FAB_Line_B,Shift_1,1056,1008,48,None,87.03,0
2026-03-06,FAB_Line_B,Shift_2,1100,1063,37,None,89.04,0
2026-03-06,FAB_Line_B,Shift_3,1126,983,143,Pattern Distortion,86.8,0
2026-03-06,FAB_Line_C,Shift_1,1141,1096,45,None,86.93,0
2026-03-06,FAB_Line_C,Shift_2,1104,1076,28,None,88.89,0
2026-03-06,FAB_Line_C,Shift_3,1119,977,142,Pattern Distortion,88.11,0
2026-03-07,FAB_Line_A,Shift_1,1140,1087,53,None,88.31,0
2026-03-07,FAB_Line_A,Shift_2,1143,1119,24,None,92.93,0
2026-03-07,FAB_Line_A,Shift_3,1108,951,157,Pattern Distortion,94.15,0
2026-03-07,FAB_Line_B,Shift_1,1104,1051,53,None,90.41,0
2026-03-07,FAB_Line_B,Shift_2,1133,1099,34,None,93.78,0
2026-03-07,FAB_Line_B,Shift_3,1051,916,135,Pattern Distortion,85.04,0
2026-03-07,FAB_Line_C,Shift_1,1086,1041,45,None,92.74,0
2026-03-07,FAB_Line_C,Shift_2,1090,1043,47,None,91.0,0
2026-03-07,FAB_Line_C,Shift_3,1117,953,164,Pattern Distortion,89.75,0
2026-03-08,FAB_Line_A,Shift_1,1085,1062,23,None,86.6,0
2026-03-08,FAB_Line_A,Shift_2,1132,1103,29,None,92.44,0
2026-03-08,FAB_Line_A,Shift_3,1079,931,148,Pattern Distortion,90.07,0
2026-03-08,FAB_Line_B,Shift_1,1073,1033,40,None,94.15,0
2026-03-08,FAB_Line_B,Shift_2,1108,1065,43,None,93.18,0
2026-03-08,FAB_Line_B,Shift_3,1108,958,150,Pattern Distortion,88.07,0
2026-03-08,FAB_Line_C,Shift_1,1109,1060,49,None,89.95,0
2026-03-08,FAB_Line_C,Shift_2,1129,1085,44,None,90.64,0
2026-03-08,FAB_Line_C,Shift_3,1044,899,145,Pattern Distortion,92.74,0
2026-03-09,FAB_Line_A,Shift_1,1080,1037,43,None,89.87,0
2026-03-09,FAB_Line_A,Shift_2,1095,1067,28,None,92.75,0
2026-03-09,FAB_Line_A,Shift_3,1132,988,144,Pattern Distortion,93.89,0
2026-03-09,FAB_Line_B,Shift_1,1080,1049,31,None,92.61,0
2026-03-09,FAB_Line_B,Shift_2,1099,1059,40,None,88.76,0
2026-03-09,FAB_Line_B,Shift_3,1093,939,154,Pattern Distortion,86.31,0
2026-03-09,FAB_Line_C,Shift_1,1104,1061,43,None,93.22,0
2026-03-09,FAB_Line_C,Shift_2,1123,1073,50,None,94.56,0
2026-03-09,FAB_Line_C,Shift_3,1100,938,162,Pattern Distortion,93.37,0
2026-03-10,FAB_Line_A,Shift_1,1075,1032,43,None,91.71,0
2026-03-10,FAB_Line_A,Shift_2,1091,1046,45,None,94.86,0
2026-03-10,FAB_Line_A,Shift_3,1079,948,131,Pattern Distortion,93.25,0
2026-03-10,FAB_Line_B,Shift_1,1078,1024,54,None,93.36,0
2026-03-10,FAB_Line_B,Shift_2,1121,1080,41,None,86.74,0
2026-03-10,FAB_Line_B,Shift_3,1130,970,160,Pattern Distortion,94.93,0
2026-03-10,FAB_Line_C,Shift_1,1105,1052,53,None,86.41,0
2026-03-10,FAB_Line_C,Shift_2,1132,1091,41,None,94.94,0
2026-03-10,FAB_Line_C,Shift_3,1074,916,158,Pattern Distortion,90.0,0
2026-03-11,FAB_Line_A,Shift_1,1055,1016,39,None,94.18,0
2026-03-11,FAB_Line_A,Shift_2,1088,1039,49,None,93.27,0
2026-03-11,FAB_Line_A,Shift_3,1108,1082,26,None,91.07,0
2026-03-11,FAB_Line_B,Shift_1,1083,1044,39,None,92.69,0
2026-03-11,FAB_Line_B,Shift_2,1114,1062,52,None,85.89,0
2026-03-11,FAB_Line_B,Shift_3,1133,1101,32,None,93.35,0
2026-03-11,FAB_Line_C,Shift_1,1122,1080,42,None,91.89,0
2026-03-11,FAB_Line_C,Shift_2,1098,1053,45,None,92.74,0
2026-03-11,FAB_Line_C,Shift_3,1112,1059,53,None,90.63,0
2026-03-12,FAB_Line_A,Shift_1,1102,1049,53,None,86.32,0
2026-03-12,FAB_Line_A,Shift_2,1094,1044,50,None,86.2,0
2026-03-12,FAB_Line_A,Shift_3,1085,1044,41,None,92.55,0
2026-03-12,FAB_Line_B,Shift_1,1068,1043,25,None,86.52,0
2026-03-12,FAB_Line_B,Shift_2,1072,1029,43,None,89.4,0
2026-03-12,FAB_Line_B,Shift_3,1106,1059,47,None,86.34,0
2026-03-12,FAB_Line_C,Shift_1,1101,1062,39,None,88.63,0
2026-03-12,FAB_Line_C,Shift_2,1105,1056,49,None,89.9,0
2026-03-12,FAB_Line_C,Shift_3,1112,1069,43,None,90.89,0
2026-03-13,FAB_Line_A,Shift_1,1148,1109,39,None,87.16,0
2026-03-13,FAB_Line_A,Shift_2,1122,1098,24,None,94.84,0
2026-03-13,FAB_Line_A,Shift_3,1079,1043,36,None,94.12,0
2026-03-13,FAB_Line_B,Shift_1,1094,1063,31,None,87.91,0
2026-03-13,FAB_Line_B,Shift_2,1046,1013,33,None,94.02,0
2026-03-13,FAB_Line_B,Shift_3,1111,1065,46,None,92.7,0
2026-03-13,FAB_Line_C,Shift_1,1095,1062,33,None,89.04,0
2026-03-13,FAB_Line_C,Shift_2,1100,1076,24,None,88.3,0
2026-03-13,FAB_Line_C,Shift_3,1086,1036,50,None,94.52,0
2026-03-14,FAB_Line_A,Shift_1,1087,1050,37,None,91.75,0
2026-03-14,FAB_Line_A,Shift_2,1081,1043,38,None,93.36,0
2026-03-14,FAB_Line_A,Shift_3,1096,1058,38,None,88.16,0
2026-03-14,FAB_Line_B,Shift_1,1115,1060,55,None,93.98,0
2026-03-14,FAB_Line_B,Shift_2,1077,1040,37,None,92.03,0
2026-03-14,FAB_Line_B,Shift_3,1101,1066,35,None,88.96,0
2026-03-14,FAB_Line_C,Shift_1,1085,1039,46,None,88.09,0
2026-03-14,FAB_Line_C,Shift_2,1109,1079,30,None,87.67,0
2026-03-14,FAB_Line_C,Shift_3,1072,1043,29,None,85.91,0
2026-03-15,FAB_Line_A,Shift_1,1099,1056,43,None,91.81,0
2026-03-15,FAB_Line_A,Shift_2,1093,1049,44,None,94.19,0
2026-03-15,FAB_Line_A,Shift_3,1064,1039,25,None,85.99,0
2026-03-15,FAB_Line_B,Shift_1,1141,1109,32,None,87.0,0
2026-03-15,FAB_Line_B,Shift_2,1054,1009,45,None,91.56,0
2026-03-15,FAB_Line_B,Shift_3,1108,1073,35,None,92.87,0
2026-03-15,FAB_Line_C,Shift_1,1095,1043,52,None,86.5,0
2026-03-15,FAB_Line_C,Shift_2,1126,1096,30,None,92.06,0
2026-03-15,FAB_Line_C,Shift_3,1102,1076,26,None,94.47,0
2026-03-16,FAB_Line_A,Shift_1,1087,1053,34,None,90.72,0
2026-03-16,FAB_Line_A,Shift_2,1064,1028,36,None,90.33,0
2026-03-16,FAB_Line_A,Shift_3,1120,1077,43,None,94.94,0
2026-03-16,FAB_Line_B,Shift_1,1140,1106,34,None,88.09,0
2026-03-16,FAB_Line_B,Shift_2,1104,1049,55,None,88.28,0
2026-03-16,FAB_Line_B,Shift_3,1075,1044,31,None,85.87,0
2026-03-16,FAB_Line_C,Shift_1,1093,1040,53,None,89.71,0
2026-03-16,FAB_Line_C,Shift_2,1112,1079,33,None,87.16,0
2026-03-16,FAB_Line_C,Shift_3,1119,1095,24,None,92.8,0
2026-03-17,FAB_Line_A,Shift_1,1100,1056,44,None,94.9,0
2026-03-17,FAB_Line_A,Shift_2,1094,1061,33,None,89.43,0
2026-03-17,FAB_Line_A,Shift_3,1095,1065,30,None,88.95,0
2026-03-17,FAB_Line_B,Shift_1,1084,1062,22,None,94.48,0
2026-03-17,FAB_Line_B,Shift_2,1045,1007,38,None,91.58,0
2026-03-17,FAB_Line_B,Shift_3,1099,1076,23,None,89.17,0
2026-03-17,FAB_Line_C,Shift_1,1090,1044,46,None,91.26,0
2026-03-17,FAB_Line_C,Shift_2,1101,1061,40,None,90.57,0
2026-03-17,FAB_Line_C,Shift_3,1096,1070,26,None,91.05,0
2026-03-18,FAB_Line_A,Shift_1,1098,1062,36,None,87.79,0
2026-03-18,FAB_Line_A,Shift_2,1096,1042,54,None,94.37,0
2026-03-18,FAB_Line_A,Shift_3,1104,1071,33,None,85.14,0
2026-03-18,FAB_Line_B,Shift_1,1112,1079,33,None,92.99,0
2026-03-18,FAB_Line_B,Shift_2,1141,1085,56,None,92.97,0
2026-03-18,FAB_Line_B,Shift_3,1116,1064,52,None,91.05,0
2026-03-18,FAB_Line_C,Shift_1,1112,1057,55,None,85.51,0
2026-03-18,FAB_Line_C,Shift_2,1085,1051,34,None,88.04,0
2026-03-18,FAB_Line_C,Shift_3,1092,1041,51,None,85.79,0
2026-03-19,FAB_Line_A,Shift_1,1119,1073,46,None,87.26,0
2026-03-19,FAB_Line_A,Shift_2,1075,1029,46,None,94.75,0
2026-03-19,FAB_Line_A,Shift_3,1115,1082,33,None,90.37,0
2026-03-19,FAB_Line_B,Shift_1,1113,1072,41,None,90.89,0
2026-03-19,FAB_Line_B,Shift_2,1085,1040,45,None,88.17,0
2026-03-19,FAB_Line_B,Shift_3,1130,1107,23,None,85.12,0
2026-03-19,FAB_Line_C,Shift_1,1099,1061,38,None,89.94,0
2026-03-19,FAB_Line_C,Shift_2,1089,1048,41,None,88.03,0
2026-03-19,FAB_Line_C,Shift_3,1117,1067,50,None,87.54,0
2026-03-20,FAB_Line_A,Shift_1,1139,1097,42,None,90.92,0
2026-03-20,FAB_Line_A,Shift_2,1090,1059,31,None,94.17,0
2026-03-20,FAB_Line_A,Shift_3,1102,1051,51,None,85.21,0
2026-03-20,FAB_Line_B,Shift_1,1113,1071,42,None,86.31,0
2026-03-20,FAB_Line_B,Shift_2,1098,1057,41,None,93.46,0
2026-03-20,FAB_Line_B,Shift_3,1118,1071,47,None,93.89,0
2026-03-20,FAB_Line_C,Shift_1,1106,1077,29,None,93.51,0
2026-03-20,FAB_Line_C,Shift_2,1124,1072,52,None,85.6,0
2026-03-20,FAB_Line_C,Shift_3,1086,1050,36,None,89.5,0
2026-03-21,FAB_Line_A,Shift_1,1124,1095,29,None,94.29,0
2026-03-21,FAB_Line_A,Shift_2,1096,1047,49,None,91.98,0
2026-03-21,FAB_Line_A,Shift_3,1085,1056,29,None,92.88,0
2026-03-21,FAB_Line_B,Shift_1,1141,1116,25,None,86.13,0
2026-03-21,FAB_Line_B,Shift_2,1086,1037,49,None,91.09,0
2026-03-21,FAB_Line_B,Shift_3,1093,1053,40,None,85.33,0
2026-03-21,FAB_Line_C,Shift_1,1065,1018,47,None,88.63,0
2026-03-21,FAB_Line_C,Shift_2,1102,1061,41,None,93.46,0
2026-03-21,FAB_Line_C,Shift_3,1099,1070,29,None,91.32,0
2026-03-22,FAB_Line_A,Shift_1,1114,1073,41,None,87.93,0
2026-03-22,FAB_Line_A,Shift_2,1096,1067,29,None,90.65,0
2026-03-22,FAB_Line_A,Shift_3,1134,1092,42,None,91.22,0
2026-03-22,FAB_Line_B,Shift_1,1083,1051,32,None,94.9,0
2026-03-22,FAB_Line_B,Shift_2,1101,1077,24,None,89.79,0
2026-03-22,FAB_Line_B,Shift_3,1104,1058,46,None,86.12,0
2026-03-22,FAB_Line_C,Shift_1,1093,1070,23,None,88.27,0
2026-03-22,FAB_Line_C,Shift_2,1100,1058,42,None,86.02,0
2026-03-22,FAB_Line_C,Shift_3,1111,1075,36,None,88.54,0
2026-03-23,FAB_Line_A,Shift_1,1096,1053,43,None,86.68,0
2026-03-23,FAB_Line_A,Shift_2,1140,1091,49,None,91.51,0
2026-03-23,FAB_Line_A,Shift_3,1101,1076,25,None,89.84,0
2026-03-23,FAB_Line_B,Shift_1,1097,1061,36,None,92.32,0
2026-03-23,FAB_Line_B,Shift_2,1113,1088,25,None,92.79,0
2026-03-23,FAB_Line_B,Shift_3,1103,1061,42,None,94.17,0
2026-03-23,FAB_Line_C,Shift_1,1127,1102,25,None,92.27,0
2026-03-23,FAB_Line_C,Shift_2,1113,1068,45,None,85.63,0
2026-03-23,FAB_Line_C,Shift_3,1053,1008,45,None,93.55,0
2026-03-24,FAB_Line_A,Shift_1,1088,1045,43,None,86.14,0
2026-03-24,FAB_Line_A,Shift_2,1109,1060,49,None,94.39,0
2026-03-24,FAB_Line_A,Shift_3,1105,1059,46,None,85.07,0
2026-03-24,FAB_Line_B,Shift_1,1051,1010,41,None,90.27,0
2026-03-24,FAB_Line_B,Shift_2,1113,1090,23,None,86.93,0
2026-03-24,FAB_Line_B,Shift_3,1113,1086,27,None,85.57,0
2026-03-24,FAB_Line_C,Shift_1,1097,1061,36,None,93.46,0
2026-03-24,FAB_Line_C,Shift_2,1099,1053,46,None,90.5,0
2026-03-24,FAB_Line_C,Shift_3,1117,1073,44,None,92.73,0
2026-03-25,FAB_Line_A,Shift_1,1080,1030,50,None,90.62,0
2026-03-25,FAB_Line_A,Shift_2,1107,1065,42,None,90.01,0
2026-03-25,FAB_Line_A,Shift_3,1092,1048,44,None,94.94,0
2026-03-25,FAB_Line_B,Shift_1,1084,1040,44,None,89.6,0
2026-03-25,FAB_Line_B,Shift_2,1070,1028,42,None,88.11,0
2026-03-25,FAB_Line_B,Shift_3,1069,1039,30,None,85.69,0
2026-03-25,FAB_Line_C,Shift_1,1116,1084,32,None,91.21,0
2026-03-25,FAB_Line_C,Shift_2,1097,1043,54,None,89.37,0
2026-03-25,FAB_Line_C,Shift_3,1102,1071,31,None,91.36,0
2026-03-26,FAB_Line_A,Shift_1,1087,1041,46,None,90.05,0
2026-03-26,FAB_Line_A,Shift_2,1100,1048,52,None,93.06,0
2026-03-26,FAB_Line_A,Shift_3,1095,1070,25,None,94.19,0
2026-03-26,FAB_Line_B,Shift_1,1095,1056,39,None,91.09,0
2026-03-26,FAB_Line_B,Shift_2,1090,1042,48,None,90.17,0
2026-03-26,FAB_Line_B,Shift_3,1128,1071,57,None,85.99,0
2026-03-26,FAB_Line_C,Shift_1,1087,1047,40,None,85.52,0
2026-03-26,FAB_Line_C,Shift_2,1099,1049,50,None,92.93,0
2026-03-26,FAB_Line_C,Shift_3,1073,1030,43,None,93.05,0
2026-03-27,FAB_Line_A,Shift_1,1087,1044,43,None,91.22,0
2026-03-27,FAB_Line_A,Shift_2,1118,1093,25,None,88.37,0
2026-03-27,FAB_Line_A,Shift_3,1140,1110,30,None,89.62,0
2026-03-27,FAB_Line_B,Shift_1,1141,1095,46,None,88.97,0
2026-03-27,FAB_Line_B,Shift_2,1093,1061,32,None,88.54,0
2026-03-27,FAB_Line_B,Shift_3,1056,1027,29,None,89.57,0
2026-03-27,FAB_Line_C,Shift_1,1114,1067,47,None,92.82,0
2026-03-27,FAB_Line_C,Shift_2,1098,1045,53,None,89.16,0
2026-03-27,FAB_Line_C,Shift_3,1100,1064,36,None,94.59,0
2026-03-28,FAB_Line_A,Shift_1,1081,1046,35,None,94.73,0
2026-03-28,FAB_Line_A,Shift_2,1102,1065,37,None,89.8,0
2026-03-28,FAB_Line_A,Shift_3,1072,1029,43,None,89.19,0
2026-03-28,FAB_Line_B,Shift_1,1090,1055,35,None,86.3,0
2026-03-28,FAB_Line_B,Shift_2,1069,1045,24,None,88.58,0
2026-03-28,FAB_Line_B,Shift_3,1096,1061,35,None,86.44,0
2026-03-28,FAB_Line_C,Shift_1,1093,1046,47,None,87.75,0
2026-03-28,FAB_Line_C,Shift_2,1126,1084,42,None,94.48,0
2026-03-28,FAB_Line_C,Shift_3,1082,1047,35,None,89.69,0
2026-03-29,FAB_Line_A,Shift_1,1094,1060,34,None,90.86,0
2026-03-29,FAB_Line_A,Shift_2,1066,1013,53,None,90.51,0
2026-03-29,FAB_Line_A,Shift_3,1040,1007,33,None,90.27,0
2026-03-29,FAB_Line_B,Shift_1,1104,1073,31,None,94.69,0
2026-03-29,FAB_Line_B,Shift_2,1128,1103,25,None,93.22,0
2026-03-29,FAB_Line_B,Shift_3,1118,1091,27,None,86.62,0
2026-03-29,FAB_Line_C,Shift_1,1039,999,40,None,86.47,0
2026-03-29,FAB_Line_C,Shift_2,1106,1075,31,None,91.84,0
2026-03-29,FAB_Line_C,Shift_3,1148,1096,52,None,88.12,0
2026-03-30,FAB_Line_A,Shift_1,1073,1036,37,None,86.06,0
2026-03-30,FAB_Line_A,Shift_2,1082,1046,36,None,86.46,0
2026-03-30,FAB_Line_A,Shift_3,1085,1059,26,None,94.57,0
2026-03-30,FAB_Line_B,Shift_1,1085,1062,23,None,93.88,0
2026-03-30,FAB_Line_B,Shift_2,1064,1027,37,None,89.34,0
2026-03-30,FAB_Line_B,Shift_3,1092,1039,53,None,88.37,0
2026-03-30,FAB_Line_C,Shift_1,1074,1044,30,None,88.17,0
2026-03-30,FAB_Line_C,Shift_2,1072,1045,27,None,90.97,0
2026-03-30,FAB_Line_C,Shift_3,1120,1064,56,None,88.02,0
2026-03-31,FAB_Line_A,Shift_1,1113,1066,47,None,89.55,0
2026-03-31,FAB_Line_A,Shift_2,1084,1037,47,None,92.62,0
2026-03-31,FAB_Line_A,Shift_3,1115,1086,29,None,89.47,0
2026-03-31,FAB_Line_B,Shift_1,1093,1059,34,None,91.66,0
2026-03-31,FAB_Line_B,Shift_2,1102,1074,28,None,94.71,0
2026-03-31,FAB_Line_B,Shift_3,1083,1039,44,None,90.49,0
2026-03-31,FAB_Line_C,Shift_1,1065,1019,46,None,91.09,0
2026-03-31,FAB_Line_C,Shift_2,1091,1050,41,None,85.04,0
2026-03-31,FAB_Line_C,Shift_3,1069,1034,35,None,86.02,0
